<DATE>	<TIME>	<OPEN>	<HIGH>	<LOW>	<CLOSE>	<TICKVOL>	<VOL>	<SPREAD>
2024.03.26	16:00:00	22.23	31.00	10.01	10.03	726	163000	0
2024.03.26	20:00:00	10.20	12.24	8.90	10.11	373	116959	0
2024.03.27	16:00:00	10.70	14.75	10.12	14.28	1226	331957	0
2024.03.27	20:00:00	14.05	17.50	14.01	17.50	1187	361174	0
2024.03.28	16:00:00	22.50	23.00	18.12	21.55	1487	437897	0
2024.03.28	20:00:00	21.99	25.99	21.59	25.47	954	329164	0
2024.04.01	16:00:00	28.36	28.70	20.89	26.71	1665	408812	0
2024.04.01	20:00:00	26.68	27.75	24.24	24.48	659	165221	0
2024.04.02	16:00:00	23.53	24.54	22.01	23.59	381	80156	0
2024.04.02	20:00:00	23.59	23.73	21.14	21.14	236	54986	0
2024.04.03	16:00:00	22.59	28.71	22.59	26.92	1827	441769	0
2024.04.03	20:00:00	26.93	27.50	26.25	26.84	738	134994	0
2024.04.04	16:00:00	28.79	40.00	27.13	35.97	4822	1352518	0
2024.04.04	20:00:00	35.96	37.74	30.00	33.69	1935	526014	0
2024.04.05	16:00:00	42.80	75.80	40.02	54.70	7538	1940469	0
2024.04.05	20:00:00	54.70	63.73	46.59	59.20	5176	1432320	0
2024.04.08	16:00:00	64.99	99.39	64.30	83.09	11152	3096503	0
2024.04.08	20:00:00	83.42	105.00	75.62	99.50	5909	1512384	0
2024.04.09	16:00:00	97.00	98.06	55.47	69.75	10695	3373274	0
2024.04.09	20:00:00	69.99	83.00	60.00	63.99	7132	2060353	0
2024.04.10	16:00:00	50.42	60.01	46.61	56.76	7008	2203175	0
2024.04.10	20:00:00	56.95	59.27	50.02	56.07	2694	871326	0
2024.04.11	16:00:00	61.20	61.75	49.53	54.12	3879	1165348	0
2024.04.11	20:00:00	54.00	55.44	50.10	50.10	1458	449247	0
2024.04.12	16:00:00	47.70	47.97	37.29	37.94	3891	1294512	0
2024.04.12	20:00:00	37.63	38.60	28.75	29.27	3853	1108303	0
2024.04.15	16:00:00	34.50	44.48	31.72	41.73	9373	2283492	0
2024.04.15	20:00:00	41.37	41.52	33.62	36.93	2259	459115	0
2024.04.16	16:00:00	41.38	45.35	38.21	40.93	4462	1372422	0
2024.04.16	20:00:00	40.94	43.50	38.57	43.50	1328	317648	0
2024.04.17	16:00:00	31.98	36.48	31.80	32.89	2121	599812	0
2024.04.17	20:00:00	32.40	33.30	29.05	29.55	1174	271179	0
2024.04.18	16:00:00	31.46	33.53	30.01	31.83	1502	411328	0
2024.04.18	20:00:00	31.75	32.30	31.00	31.83	456	103261	0
2024.04.19	16:00:00	30.51	30.58	27.07	28.00	1316	295711	0
2024.04.19	20:00:00	27.84	28.60	25.30	27.76	836	195987	0
2024.04.22	16:00:00	25.01	28.43	24.00	25.31	980	288276	0
2024.04.22	20:00:00	25.30	26.00	24.68	24.68	307	65407	0
2024.04.23	16:00:00	25.85	31.00	25.84	29.13	1770	518378	0
2024.04.23	20:00:00	28.99	29.60	27.32	28.32	517	111534	0
2024.04.24	16:00:00	31.15	31.72	27.05	27.94	1001	350711	0
2024.04.24	20:00:00	27.99	28.31	26.27	26.49	246	48902	0
2024.04.25	16:00:00	24.50	26.54	23.50	25.84	1002	313882	0
2024.04.25	20:00:00	25.85	26.62	24.29	24.59	751	211594	0
2024.04.26	16:00:00	23.50	23.51	16.66	19.27	6117	1715505	0
2024.04.26	20:00:00	19.09	19.59	17.50	18.80	1412	349249	0
2024.04.29	16:00:00	18.14	19.88	17.50	17.59	1676	516562	0
2024.04.29	20:00:00	17.50	18.38	16.80	17.11	1429	412184	0
2024.04.30	16:00:00	17.69	19.29	16.99	17.28	1586	530099	0
2024.04.30	20:00:00	17.36	17.47	16.71	17.42	727	135013	0
2024.05.01	16:00:00	17.50	17.50	14.69	15.33	1683	364050	0
2024.05.01	20:00:00	15.31	15.39	14.30	14.85	856	274461	0
2024.05.02	16:00:00	14.88	15.49	13.40	14.46	1630	504144	0
2024.05.02	20:00:00	14.21	14.55	12.85	13.20	990	285941	0
2024.05.03	16:00:00	13.41	16.39	12.66	12.93	3591	1213459	0
2024.05.03	20:00:00	13.05	13.19	12.85	12.99	497	159600	0
2024.05.06	16:00:00	13.60	14.36	13.00	13.52	1568	470158	0
2024.05.06	20:00:00	13.55	13.62	13.35	13.50	410	111577	0
2024.05.07	16:00:00	13.96	15.95	13.80	15.70	2217	700534	0
2024.05.07	20:00:00	15.70	16.85	13.76	13.77	3334	1080233	0
2024.05.08	16:00:00	14.40	15.39	14.02	14.28	1400	431877	0
2024.05.08	20:00:00	14.24	14.50	14.12	14.41	313	95856	0
2024.05.09	16:00:00	14.95	15.20	13.50	13.77	1077	320088	0
2024.05.09	20:00:00	13.75	14.00	13.62	13.87	332	91244	0
2024.05.10	16:00:00	14.10	14.71	14.10	14.43	869	253124	0
2024.05.10	20:00:00	14.42	14.60	14.27	14.42	311	100127	0
2024.05.13	16:00:00	15.15	17.80	15.10	17.46	2275	619083	0
2024.05.13	20:00:00	17.40	17.40	15.56	16.04	2602	832603	0
2024.05.14	16:00:00	17.40	18.17	16.70	17.54	1832	530797	0
2024.05.14	20:00:00	17.56	17.65	16.71	16.88	481	138144	0
2024.05.15	16:00:00	17.37	17.51	16.07	16.63	894	177299	0
2024.05.15	20:00:00	16.63	17.05	16.50	16.65	279	64340	0
2024.05.16	16:00:00	17.07	17.15	15.70	15.94	881	227611	0
2024.05.16	20:00:00	15.99	16.24	14.77	15.36	714	192152	0
2024.05.17	16:00:00	14.99	15.24	14.40	14.92	662	156176	0
2024.05.17	20:00:00	14.82	15.07	14.56	14.80	284	56556	0
2024.05.20	16:00:00	15.03	15.60	14.81	15.26	374	99480	0
2024.05.20	20:00:00	15.24	15.50	14.80	15.19	454	153125	0
2024.05.21	16:00:00	15.05	15.25	14.50	15.09	675	169458	0
2024.05.21	20:00:00	15.06	15.30	14.77	15.08	290	91492	0
2024.05.22	16:00:00	15.00	15.09	14.52	14.59	335	92980	0
2024.05.22	20:00:00	14.52	14.65	13.68	13.77	646	177452	0
2024.05.23	16:00:00	14.39	14.45	13.33	14.20	619	150776	0
2024.05.23	20:00:00	14.15	14.19	13.75	13.97	210	41077	0
2024.05.24	16:00:00	14.21	15.45	14.20	15.15	1515	472359	0
2024.05.24	20:00:00	15.15	15.75	14.82	15.00	866	197245	0
2024.05.28	16:00:00	14.97	15.95	14.60	15.61	1011	262941	0
2024.05.28	20:00:00	15.65	15.72	15.11	15.25	367	75811	0
2024.05.29	16:00:00	15.00	15.45	14.95	15.41	257	62170	0
2024.05.29	20:00:00	15.41	15.51	15.25	15.51	184	37035	0
2024.05.30	16:00:00	15.45	15.77	15.09	15.77	324	88931	0
2024.05.30	20:00:00	15.77	15.95	15.31	15.50	262	68677	0
2024.05.31	16:00:00	15.40	15.69	14.61	14.83	565	112134	0
2024.05.31	20:00:00	14.80	14.90	14.42	14.79	288	69595	0
2024.06.03	16:00:00	15.11	15.33	13.00	13.60	746	210550	0
2024.06.03	20:00:00	13.60	14.15	13.51	13.70	347	107126	0
2024.06.04	16:00:00	13.84	14.30	13.47	13.99	369	95790	0
2024.06.04	20:00:00	13.91	14.04	13.60	13.80	227	60269	0
2024.06.05	16:00:00	13.85	14.20	13.75	13.85	262	74223	0
2024.06.05	20:00:00	13.92	14.15	13.80	14.06	143	32728	0
2024.06.06	16:00:00	14.00	14.00	13.16	13.42	601	124799	0
2024.06.06	20:00:00	13.43	13.49	13.21	13.36	253	45656	0
2024.06.07	16:00:00	13.38	13.45	13.10	13.19	264	62658	0
2024.06.07	20:00:00	13.20	13.20	12.42	12.88	450	109952	0
2024.06.10	16:00:00	12.80	13.34	12.53	12.91	260	65137	0
2024.06.10	20:00:00	12.93	13.47	12.91	13.12	440	129148	0
2024.06.11	16:00:00	12.93	13.05	12.57	12.63	227	49436	0
2024.06.11	20:00:00	12.58	12.80	12.55	12.70	102	35389	0
2024.06.12	16:00:00	12.81	14.10	12.70	13.90	1019	286296	0
2024.06.12	20:00:00	13.87	13.89	13.22	13.31	200	52637	0
2024.06.13	16:00:00	13.62	13.63	13.05	13.15	187	39603	0
2024.06.13	20:00:00	13.12	13.34	13.09	13.10	92	20599	0
2024.06.14	16:00:00	13.15	13.21	12.85	12.95	206	44587	0
2024.06.14	20:00:00	12.96	13.09	12.95	12.97	110	21526	0
2024.06.17	16:00:00	12.85	13.15	12.70	13.12	164	32791	0
2024.06.17	20:00:00	13.11	13.25	12.75	12.82	248	44876	0
2024.06.18	16:00:00	12.80	13.33	12.80	13.12	228	50604	0
2024.06.18	20:00:00	13.20	13.20	12.95	13.07	59	14724	0
2024.06.20	16:00:00	13.07	13.20	12.80	12.84	230	56050	0
2024.06.20	20:00:00	12.84	12.85	12.41	12.58	176	32170	0
2024.06.21	16:00:00	12.52	12.72	12.45	12.60	103	20410	0
2024.06.21	20:00:00	12.56	12.65	12.50	12.64	82	21669	0
2024.06.24	16:00:00	12.45	12.60	11.56	11.56	465	119832	0
2024.06.24	20:00:00	11.56	11.65	11.40	11.57	211	58932	0
2024.06.25	16:00:00	11.37	11.55	11.24	11.51	272	72157	0
2024.06.25	20:00:00	11.45	11.54	11.40	11.48	74	13806	0
2024.06.26	16:00:00	11.40	11.46	11.02	11.05	243	59583	0
2024.06.26	20:00:00	11.01	11.12	10.71	10.80	318	64558	0
2024.06.27	16:00:00	11.55	14.30	11.21	12.80	3967	996674	0
2024.06.27	20:00:00	12.80	15.10	12.65	14.45	2601	850650	0
2024.06.28	16:00:00	16.30	18.29	15.25	15.74	5513	1548679	0
2024.06.28	20:00:00	15.68	16.24	14.90	15.17	1212	274782	0
2024.07.01	16:00:00	15.30	16.15	13.00	13.00	1671	463922	0
2024.07.01	20:00:00	13.05	13.63	13.04	13.54	255	56793	0
2024.07.02	16:00:00	13.51	14.79	13.40	13.92	950	237145	0
2024.07.02	20:00:00	13.93	14.20	13.87	13.95	203	42701	0
2024.07.03	16:00:00	14.06	14.21	13.20	13.40	554	145232	0
2024.07.03	20:00:00	13.55	13.55	13.31	13.45	7	1300	0
2024.07.05	16:00:00	13.81	15.55	13.70	14.89	1522	439633	0
2024.07.05	20:00:00	14.89	14.99	14.43	14.50	422	129048	0
2024.07.08	16:00:00	15.12	15.98	14.91	15.27	1021	234230	0
2024.07.08	20:00:00	15.32	15.50	15.00	15.17	315	91593	0
2024.07.09	16:00:00	15.92	15.92	14.41	14.90	659	146772	0
2024.07.09	20:00:00	14.90	15.12	14.60	14.84	164	37988	0
2024.07.10	16:00:00	14.90	14.97	14.42	14.48	277	61094	0
2024.07.10	20:00:00	14.48	14.57	14.07	14.20	214	53334	0
2024.07.11	16:00:00	14.44	15.23	13.70	13.70	844	199081	0
2024.07.11	20:00:00	13.72	13.94	13.40	13.66	347	90985	0
2024.07.12	16:00:00	13.70	14.55	13.69	14.35	489	115430	0
2024.07.12	20:00:00	14.40	14.98	14.32	14.51	249	56404	0
2024.07.15	16:00:00	15.01	15.70	14.58	15.30	784	196772	0
2024.07.15	20:00:00	15.22	15.26	14.09	14.24	321	68496	0
2024.07.16	16:00:00	14.56	14.91	14.23	14.60	306	71242	0
2024.07.16	20:00:00	14.55	14.75	14.45	14.72	190	59604	0
2024.07.17	16:00:00	14.46	14.72	14.12	14.19	277	69182	0
2024.07.17	20:00:00	14.17	14.28	13.98	14.24	168	47606	0
2024.07.18	16:00:00	14.25	14.50	13.61	13.76	357	87681	0
2024.07.18	20:00:00	13.76	13.89	13.62	13.89	166	33769	0
2024.07.19	16:00:00	13.79	13.84	13.52	13.60	201	67811	0
2024.07.19	20:00:00	13.59	13.63	13.26	13.61	169	38469	0
2024.07.22	16:00:00	13.56	13.83	13.36	13.57	258	69874	0
2024.07.22	20:00:00	13.47	13.84	13.45	13.84	103	21484	0
2024.07.23	16:00:00	13.67	13.82	13.36	13.54	226	61121	0
2024.07.23	20:00:00	13.54	13.54	13.32	13.45	104	25635	0
2024.07.24	16:00:00	13.25	13.42	12.32	12.36	549	126242	0
2024.07.24	20:00:00	12.37	13.19	12.31	13.12	364	95734	0
2024.07.25	16:00:00	12.51	12.94	11.70	12.80	853	197494	0
2024.07.25	20:00:00	12.81	12.95	12.22	12.22	301	43301	0
2024.07.26	16:00:00	12.69	12.95	12.51	12.78	266	89999	0
2024.07.26	20:00:00	12.83	12.98	12.77	12.96	238	85121	0
2024.07.29	16:00:00	13.08	13.51	13.08	13.22	373	63803	0
2024.07.29	20:00:00	13.20	13.22	12.33	12.35	268	57419	0
2024.07.30	16:00:00	12.54	12.55	11.91	12.02	280	58296	0
2024.07.30	20:00:00	12.01	12.20	12.00	12.05	115	22531	0
2024.07.31	16:00:00	12.35	12.64	12.26	12.30	170	43184	0
2024.07.31	20:00:00	12.32	12.50	12.20	12.20	67	17095	0
2024.08.01	16:00:00	12.20	12.20	11.27	11.31	784	176779	0
2024.08.01	20:00:00	11.33	11.41	11.03	11.07	416	78865	0
2024.08.02	16:00:00	10.93	11.26	10.55	11.21	240	82594	0
2024.08.02	20:00:00	11.15	11.16	10.76	10.84	127	36509	0
2024.08.05	16:00:00	9.31	10.17	9.00	9.86	743	216334	0
2024.08.05	20:00:00	9.81	10.03	9.80	9.80	318	61368	0
2024.08.06	16:00:00	10.18	10.48	10.00	10.33	279	59083	0
2024.08.06	20:00:00	10.35	10.44	9.90	9.90	231	50608	0
2024.08.07	16:00:00	10.30	10.67	9.90	9.97	310	89123	0
2024.08.07	20:00:00	9.91	9.95	9.51	9.63	166	39038	0
2024.08.08	16:00:00	10.00	10.18	9.60	10.17	176	51468	0
2024.08.08	20:00:00	10.14	10.28	10.05	10.25	107	30555	0
2024.08.09	16:00:00	10.28	10.50	10.17	10.20	108	26569	0
2024.08.09	20:00:00	10.23	10.33	10.01	10.26	95	17452	0
2024.08.12	16:00:00	10.27	10.35	10.11	10.25	98	19395	0
2024.08.12	20:00:00	10.26	10.28	10.16	10.25	59	12162	0
2024.08.13	16:00:00	10.27	10.45	10.12	10.39	142	32765	0
2024.08.13	20:00:00	10.38	10.45	10.20	10.35	64	18097	0
2024.08.14	16:00:00	10.44	10.58	10.11	10.16	139	42142	0
2024.08.14	20:00:00	10.14	10.18	9.90	10.00	89	19327	0
2024.08.15	16:00:00	10.08	11.49	10.04	10.96	457	113850	0
2024.08.15	20:00:00	10.95	11.08	10.80	10.89	180	41236	0
2024.08.16	16:00:00	11.03	11.95	11.01	11.50	439	100874	0
2024.08.16	20:00:00	11.58	11.58	11.19	11.38	183	41234	0
2024.08.19	16:00:00	11.76	13.80	11.75	13.12	820	247149	0
2024.08.19	20:00:00	13.10	13.43	12.58	13.15	457	115645	0
2024.08.20	16:00:00	13.78	14.15	12.40	12.95	789	224214	0
2024.08.20	20:00:00	13.02	13.11	12.81	12.96	131	33177	0
2024.08.21	16:00:00	12.93	13.50	12.55	12.95	560	128499	0
2024.08.21	20:00:00	12.95	13.25	12.70	13.05	325	66415	0
2024.08.22	16:00:00	13.20	13.40	12.42	12.75	313	75737	0
2024.08.22	20:00:00	12.50	12.85	12.50	12.50	176	32251	0
2024.08.23	16:00:00	13.05	13.05	12.32	12.54	349	123679	0
2024.08.23	20:00:00	12.48	12.59	12.40	12.48	59	13573	0
2024.08.26	16:00:00	12.82	13.40	12.60	13.03	344	90627	0
2024.08.26	20:00:00	13.07	13.14	12.63	12.70	150	30023	0
2024.08.27	16:00:00	12.70	13.24	12.65	12.98	250	51430	0
2024.08.27	20:00:00	12.95	13.05	12.90	12.99	78	13264	0
2024.08.28	16:00:00	12.96	13.09	11.86	12.18	276	78206	0
2024.08.28	20:00:00	12.18	12.95	12.11	12.45	393	72227	0
2024.08.29	16:00:00	12.50	12.85	12.40	12.68	155	47395	0
2024.08.29	20:00:00	12.72	12.90	12.42	12.60	186	42257	0
2024.08.30	16:00:00	12.68	13.15	12.60	12.79	233	52375	0
2024.08.30	20:00:00	12.79	13.05	12.76	12.98	126	36296	0
2024.09.03	16:00:00	12.60	12.86	11.86	11.99	342	87683	0
2024.09.03	20:00:00	12.03	12.06	11.55	11.55	310	67007	0
2024.09.04	16:00:00	11.25	11.97	11.25	11.60	152	30120	0
2024.09.04	20:00:00	11.60	11.65	11.41	11.47	95	15505	0
2024.09.05	16:00:00	11.21	11.43	10.60	11.08	305	85334	0
2024.09.05	20:00:00	11.10	11.25	10.85	10.95	75	16608	0
2024.09.06	16:00:00	11.17	11.58	10.25	10.30	351	79401	0
2024.09.06	20:00:00	10.33	10.37	10.12	10.22	300	53055	0
2024.09.09	16:00:00	10.68	11.03	10.52	10.94	179	48853	0
2024.09.09	20:00:00	10.91	10.99	10.75	10.80	54	13052	0
2024.09.10	16:00:00	11.25	11.43	11.03	11.31	121	37790	0
2024.09.10	20:00:00	11.45	11.45	11.14	11.28	106	21821	0
2024.09.11	16:00:00	11.34	11.34	10.91	11.22	112	30044	0
2024.09.11	20:00:00	11.27	11.80	11.11	11.64	168	47147	0
2024.09.12	16:00:00	11.71	11.95	11.65	11.74	223	62630	0
2024.09.12	20:00:00	11.69	11.85	11.60	11.65	68	13358	0
2024.09.13	16:00:00	11.96	11.97	11.73	11.75	103	18914	0
2024.09.13	20:00:00	11.78	11.91	11.58	11.82	104	22437	0
2024.09.16	16:00:00	11.87	11.92	11.30	11.37	192	45925	0
2024.09.16	20:00:00	11.36	11.44	11.27	11.40	71	18302	0
2024.09.17	16:00:00	11.65	11.83	11.44	11.51	298	64301	0
2024.09.17	20:00:00	11.52	11.56	11.33	11.53	67	12604	0
2024.09.18	16:00:00	11.53	11.67	11.38	11.67	105	22074	0
2024.09.18	20:00:00	11.71	11.96	11.50	11.86	197	35061	0
2024.09.19	16:00:00	12.14	12.27	11.85	11.94	180	42364	0
2024.09.19	20:00:00	11.91	11.96	11.63	11.72	70	16383	0
2024.09.20	16:00:00	11.82	11.94	11.11	11.17	219	53367	0
2024.09.20	20:00:00	11.13	11.37	11.10	11.13	84	16456	0
2024.09.23	16:00:00	11.20	11.34	10.88	11.00	175	45192	0
2024.09.23	20:00:00	11.02	11.05	10.76	10.78	134	20043	0
2024.09.24	16:00:00	10.90	10.90	10.40	10.49	551	134861	0
2024.09.24	20:00:00	10.48	10.56	10.39	10.44	242	39841	0
2024.09.25	16:00:00	10.55	10.69	10.20	10.28	272	75237	0
2024.09.25	20:00:00	10.32	10.35	10.20	10.30	100	22964	0
2024.09.26	16:00:00	10.54	10.69	10.30	10.35	250	72980	0
2024.09.26	20:00:00	10.35	10.38	10.26	10.30	158	38601	0
2024.09.27	16:00:00	10.34	10.62	10.15	10.28	371	100956	0
2024.09.27	20:00:00	10.30	10.30	10.06	10.15	185	43905	0
2024.09.30	16:00:00	10.14	10.19	9.86	9.96	465	115182	0
2024.09.30	20:00:00	9.96	10.03	9.91	9.94	111	28292	0
2024.10.01	16:00:00	9.98	9.98	9.63	9.86	285	79605	0
2024.10.01	20:00:00	9.85	9.90	9.75	9.88	138	38316	0
2024.10.02	16:00:00	9.82	10.18	9.75	10.00	283	89183	0
2024.10.02	20:00:00	10.00	10.12	9.92	9.97	127	30272	0
2024.10.03	16:00:00	10.12	10.88	10.12	10.40	520	162345	0
2024.10.03	20:00:00	10.41	10.42	10.18	10.29	192	43577	0
2024.10.04	16:00:00	10.56	10.74	9.91	10.02	357	98404	0
2024.10.04	20:00:00	10.00	10.11	9.92	10.07	148	29589	0
2024.10.07	16:00:00	10.01	10.06	9.89	9.93	183	35490	0
2024.10.07	20:00:00	9.91	9.95	9.76	9.94	161	33595	0
2024.10.08	16:00:00	9.95	10.05	9.81	9.90	158	37508	0
2024.10.08	20:00:00	9.88	9.95	9.85	9.92	120	42550	0
2024.10.09	16:00:00	10.00	10.23	9.86	9.96	176	47912	0
2024.10.09	20:00:00	9.96	9.97	9.86	9.91	100	20949	0
2024.10.10	16:00:00	9.99	10.05	9.94	10.00	98	28987	0
2024.10.10	20:00:00	9.95	9.98	9.86	9.90	81	23554	0
2024.10.11	16:00:00	9.91	10.03	9.86	9.99	127	44590	0
2024.10.11	20:00:00	9.98	10.01	9.87	9.98	142	43449	0
2024.10.14	16:00:00	11.46	13.43	10.80	11.43	3751	1060311	0
2024.10.14	20:00:00	11.45	12.30	11.41	12.01	838	216993	0
2024.10.15	16:00:00	12.65	13.50	11.15	11.74	2543	659530	0
2024.10.15	20:00:00	11.74	11.96	11.66	11.96	270	79533	0
2024.10.16	16:00:00	12.00	12.03	11.03	11.75	601	167497	0
2024.10.16	20:00:00	11.68	11.68	11.25	11.33	226	54413	0
2024.10.17	16:00:00	11.65	11.65	11.05	11.18	307	69648	0
2024.10.17	20:00:00	11.16	11.16	10.89	10.93	218	63508	0
2024.10.18	16:00:00	10.94	11.99	10.94	11.86	463	147267	0
2024.10.18	20:00:00	11.84	12.00	11.68	11.74	294	80566	0
2024.10.21	16:00:00	11.78	12.33	11.40	11.43	420	110709	0
2024.10.21	20:00:00	11.49	11.50	11.24	11.36	115	27895	0
2024.10.22	16:00:00	11.42	11.70	11.33	11.60	277	69159	0
2024.10.22	20:00:00	11.65	11.85	11.45	11.57	87	32684	0
2024.10.23	16:00:00	11.50	11.72	11.36	11.47	251	48522	0
2024.10.23	20:00:00	11.50	11.52	11.11	11.16	135	31611	0
2024.10.24	16:00:00	11.35	11.99	11.35	11.51	387	103193	0
2024.10.24	20:00:00	11.51	11.61	11.47	11.58	149	42868	0
2024.10.25	16:00:00	11.75	12.08	11.66	11.91	339	85927	0
2024.10.25	20:00:00	11.93	12.08	11.84	11.96	242	63251	0
2024.10.28	16:00:00	11.70	11.85	11.60	11.80	265	68131	0
2024.10.28	20:00:00	11.79	11.85	11.73	11.85	98	24830	0
2024.10.29	16:00:00	11.50	11.60	11.38	11.51	128	52169	0
2024.10.29	20:00:00	11.48	11.54	11.25	11.54	132	41530	0
2024.10.30	16:00:00	11.26	11.54	11.26	11.37	144	35038	0
2024.10.30	20:00:00	11.36	11.45	11.31	11.31	52	13979	0
2024.10.31	16:00:00	10.75	10.88	10.66	10.81	128	35718	0
2024.10.31	20:00:00	10.81	10.86	10.74	10.83	61	13448	0
2024.11.01	16:00:00	11.27	11.27	11.04	11.06	137	48970	0
2024.11.01	20:00:00	11.09	11.19	11.05	11.17	150	26614	0
2024.11.04	16:00:00	11.19	11.34	10.96	11.03	177	55157	0
2024.11.04	20:00:00	11.10	11.22	10.90	10.92	140	29889	0
2024.11.05	16:00:00	11.11	11.99	11.09	11.73	422	113978	0
2024.11.05	20:00:00	11.75	11.77	11.56	11.61	125	34419	0
2024.11.06	16:00:00	13.60	17.46	12.33	15.55	8996	2663740	0
2024.11.06	20:00:00	15.49	16.30	15.15	15.70	1848	657267	0
2024.11.07	16:00:00	21.67	27.88	20.01	24.41	23736	5814055	0
2024.11.07	20:00:00	24.37	24.48	20.66	22.21	5230	1382402	0
2024.11.08	16:00:00	25.20	34.39	23.01	33.71	16924	5417670	0
2024.11.08	20:00:00	33.69	42.77	31.30	36.65	20474	5941254	0
2024.11.11	16:00:00	47.41	50.00	37.19	38.83	35901	8943601	0
2024.11.11	20:00:00	38.75	44.00	36.88	42.51	8391	2401365	0
2024.11.12	16:00:00	36.39	36.75	30.20	31.14	10688	2820535	0
2024.11.12	20:00:00	31.14	34.20	30.03	30.59	2924	789810	0
2024.11.13	16:00:00	34.10	35.88	31.70	34.09	7545	1968819	0
2024.11.13	20:00:00	34.07	35.41	32.56	33.00	1572	490708	0
2024.11.14	16:00:00	31.49	31.98	26.59	27.40	4613	1168330	0
2024.11.14	20:00:00	27.38	28.84	27.00	28.63	1428	328781	0
2024.11.15	16:00:00	27.50	35.85	26.94	33.31	9833	2599383	0
2024.11.15	20:00:00	33.26	34.19	30.60	32.26	2101	548144	0
2024.11.18	16:00:00	36.17	38.50	34.00	37.25	7693	2122535	0
2024.11.18	20:00:00	37.36	38.18	36.00	36.41	1947	537523	0
2024.11.19	16:00:00	36.70	42.96	34.96	42.42	6621	1773346	0
2024.11.19	20:00:00	42.42	45.50	40.40	45.27	3546	983275	0
2024.11.20	16:00:00	38.43	40.49	35.99	39.80	5442	1310376	0
2024.11.20	20:00:00	39.97	39.97	38.00	38.00	1054	261382	0
2024.11.21	16:00:00	39.50	40.54	36.88	38.66	3114	733582	0
2024.11.21	20:00:00	38.66	39.50	38.35	39.49	1781	369393	0
2024.11.22	16:00:00	39.00	46.20	38.30	44.61	6812	1610877	0
2024.11.22	20:00:00	44.59	44.69	41.87	41.97	1811	402931	0
2024.11.25	16:00:00	47.48	47.60	40.60	43.06	4545	1035395	0
2024.11.25	20:00:00	43.06	44.33	42.62	43.72	1187	230803	0
2024.11.26	16:00:00	41.40	47.00	39.51	45.90	3650	793339	0
2024.11.26	20:00:00	45.93	46.12	42.69	43.53	1319	282573	0
2024.11.27	16:00:00	43.64	44.28	38.80	40.01	3216	675264	0
2024.11.27	20:00:00	40.00	40.77	39.45	39.93	878	184740	0
2024.11.29	16:00:00	41.11	42.40	40.19	41.12	1461	310729	0
2024.11.29	20:00:00	41.14	41.30	40.76	40.85	17	2416	0
2024.12.02	16:00:00	42.60	45.00	39.20	40.25	3262	772986	0
2024.12.02	20:00:00	40.41	40.86	39.71	40.56	700	152075	0
2024.12.03	16:00:00	42.42	43.08	40.81	42.33	1768	376803	0
2024.12.03	20:00:00	42.30	42.58	41.82	42.37	501	102158	0
2024.12.04	16:00:00	42.90	48.44	42.26	44.18	5430	1407216	0
2024.12.04	20:00:00	44.19	46.87	44.17	46.40	1140	260534	0
2024.12.05	16:00:00	48.72	53.77	48.57	51.28	7323	1647239	0
2024.12.05	20:00:00	51.21	51.60	49.20	51.60	1486	301892	0
2024.12.06	16:00:00	54.43	61.75	54.11	61.22	5568	1252898	0
2024.12.06	20:00:00	61.31	67.10	61.13	67.10	3619	888118	0
2024.12.09	16:00:00	70.46	72.87	51.10	59.50	13880	3136374	0
2024.12.09	20:00:00	59.17	64.00	57.67	60.46	2223	538100	0
2024.12.10	16:00:00	57.52	62.75	56.60	62.20	3980	895760	0
2024.12.10	20:00:00	62.20	64.21	60.45	61.16	1702	378276	0
2024.12.11	16:00:00	64.40	74.41	63.85	71.62	7821	1753104	0
2024.12.11	20:00:00	71.56	77.35	64.00	66.24	5525	1163578	0
2024.12.12	16:00:00	69.21	76.90	67.80	70.84	6723	1510911	0
2024.12.12	20:00:00	70.81	72.50	67.00	72.49	2461	522469	0
2024.12.13	16:00:00	69.41	71.75	65.30	70.49	4685	1132443	0
2024.12.13	20:00:00	70.96	70.99	69.35	70.20	1132	247738	0
2024.12.16	16:00:00	71.18	75.00	70.00	71.24	3377	751551	0
2024.12.16	20:00:00	71.35	71.50	69.00	69.29	1326	260512	0
2024.12.17	16:00:00	69.58	69.77	64.08	66.20	3173	714909	0
2024.12.17	20:00:00	66.12	69.70	64.60	69.70	1007	190565	0
2024.12.18	16:00:00	66.35	68.94	65.53	68.15	1922	355744	0
2024.12.18	20:00:00	68.15	71.51	60.00	61.80	3369	685860	0
2024.12.19	16:00:00	65.03	66.87	58.61	59.96	2609	546272	0
2024.12.19	20:00:00	60.12	61.81	59.70	60.18	600	105068	0
2024.12.20	16:00:00	56.80	63.78	55.08	61.42	2488	554373	0
2024.12.20	20:00:00	61.35	61.85	59.60	60.13	878	178122	0
2024.12.23	16:00:00	62.84	64.74	61.00	63.63	1683	396900	0
2024.12.23	20:00:00	63.79	67.88	63.34	67.76	1235	236558	0
2024.12.24	16:00:00	66.88	70.46	65.36	69.00	2133	522100	0
2024.12.24	20:00:00	68.83	68.83	67.95	67.95	16	2334	0
2024.12.26	16:00:00	66.88	69.46	65.20	67.39	1321	276729	0
2024.12.26	20:00:00	67.52	68.63	66.69	68.15	591	118058	0
2024.12.27	16:00:00	69.09	69.09	61.52	64.06	1814	414044	0
2024.12.27	20:00:00	64.08	65.48	63.73	65.24	504	100282	0
2024.12.30	16:00:00	61.22	62.96	58.00	61.10	1674	338893	0
2024.12.30	20:00:00	61.12	61.93	59.95	60.20	791	139571	0
2024.12.31	16:00:00	62.85	65.50	60.60	61.18	1544	304159	0
2024.12.31	20:00:00	61.18	61.50	57.50	58.70	873	208335	0
2025.01.02	16:00:00	59.52	61.05	56.40	56.54	1509	345084	0
2025.01.02	20:00:00	56.48	57.20	55.19	57.02	852	186024	0
2025.01.03	16:00:00	56.27	62.34	56.07	61.26	1701	395113	0
2025.01.03	20:00:00	61.25	61.81	60.31	61.69	469	95102	0
2025.01.06	16:00:00	65.77	67.00	62.68	63.19	1437	358842	0
2025.01.06	20:00:00	63.17	63.30	61.60	61.90	567	123277	0
2025.01.07	16:00:00	60.37	61.85	57.50	58.75	1267	274540	0
2025.01.07	20:00:00	58.84	59.60	58.21	58.68	349	71748	0
2025.01.08	16:00:00	58.59	59.80	54.19	55.25	1354	333681	0
2025.01.08	20:00:00	55.25	58.02	55.17	58.00	700	118121	0
2025.01.10	16:00:00	55.85	56.89	52.00	54.21	1432	288416	0
2025.01.10	20:00:00	54.48	56.79	54.22	56.04	548	102441	0
2025.01.13	16:00:00	52.03	52.45	49.00	49.19	1802	371507	0
2025.01.13	20:00:00	49.17	50.01	48.48	48.49	974	173906	0
2025.01.14	16:00:00	53.06	55.00	49.80	50.82	1360	255929	0
2025.01.14	20:00:00	50.62	52.75	49.00	49.94	999	155180	0
2025.01.15	16:00:00	53.24	54.45	51.30	53.89	1080	252606	0
2025.01.15	20:00:00	54.08	55.51	53.99	55.21	777	175917	0
2025.01.16	16:00:00	56.83	57.18	53.80	54.57	917	205701	0
2025.01.16	20:00:00	54.96	57.27	54.23	57.27	618	115035	0
2025.01.17	16:00:00	56.20	57.99	54.80	55.93	1682	384781	0
2025.01.17	20:00:00	55.78	57.50	55.50	56.33	661	165355	0
2025.01.21	16:00:00	61.18	62.00	58.23	59.80	2682	635888	0
2025.01.21	20:00:00	59.83	61.30	58.67	61.28	839	202591	0
2025.01.22	16:00:00	64.00	67.70	63.00	65.46	3550	684614	0
2025.01.22	20:00:00	65.42	66.80	64.45	65.30	1184	178534	0
2025.01.23	16:00:00	63.57	64.60	60.00	62.19	1929	375887	0
2025.01.23	20:00:00	62.22	64.50	62.22	64.34	865	156324	0
2025.01.24	16:00:00	64.38	65.90	63.36	63.61	876	175232	0
2025.01.24	20:00:00	63.52	63.83	62.33	63.05	663	114548	0
2025.01.27	16:00:00	60.00	62.37	56.65	57.18	2122	378721	0
2025.01.27	20:00:00	57.17	58.87	56.04	58.44	1067	173157	0
2025.01.28	16:00:00	58.92	59.00	53.39	56.00	1419	271875	0
2025.01.28	20:00:00	55.73	57.50	55.55	56.79	715	103734	0
2025.01.29	16:00:00	57.10	58.39	55.30	56.00	958	160852	0
2025.01.29	20:00:00	56.03	56.50	55.00	56.16	665	124264	0
2025.01.30	16:00:00	57.09	57.96	54.11	55.40	1070	207381	0
2025.01.30	20:00:00	55.39	58.42	55.28	56.83	1050	218628	0
2025.01.31	16:00:00	57.98	60.89	57.32	59.20	1500	328824	0
2025.01.31	20:00:00	59.32	59.60	54.69	54.70	991	230052	0
2025.02.03	16:00:00	50.58	54.12	49.00	52.95	1311	250498	0
2025.02.03	20:00:00	53.16	53.95	52.20	52.40	543	95952	0
2025.02.04	16:00:00	54.45	56.45	54.45	54.93	1160	260678	0
2025.02.04	20:00:00	54.73	55.00	53.41	53.45	497	94459	0
2025.02.05	16:00:00	53.86	54.40	52.00	52.57	863	151968	0
2025.02.05	20:00:00	52.59	52.64	51.22	51.35	848	169930	0
2025.02.06	16:00:00	53.30	54.51	52.06	52.24	895	202427	0
2025.02.06	20:00:00	52.23	52.41	51.40	52.34	690	108692	0
2025.02.07	16:00:00	52.75	53.44	50.70	51.81	1060	209014	0
2025.02.07	20:00:00	51.62	51.88	50.72	50.77	473	79340	0
2025.02.10	16:00:00	51.10	52.49	50.12	52.30	967	183600	0
2025.02.10	20:00:00	52.27	52.30	51.06	51.63	643	113972	0
2025.02.11	16:00:00	51.59	51.88	49.02	49.24	858	222875	0
2025.02.11	20:00:00	49.17	49.49	45.80	46.31	964	238552	0
2025.02.12	16:00:00	46.35	50.39	46.35	49.62	1198	274136	0
2025.02.12	20:00:00	49.62	49.63	48.54	48.88	356	65981	0
2025.02.13	16:00:00	50.85	52.97	50.70	51.21	1052	224490	0
2025.02.13	20:00:00	51.27	51.40	50.38	50.98	534	98135	0
2025.02.14	16:00:00	52.85	53.50	51.20	51.51	695	165849	0
2025.02.14	20:00:00	51.54	51.68	50.38	50.39	420	84811	0
2025.02.18	16:00:00	51.60	51.62	49.51	50.57	664	149872	0
2025.02.18	20:00:00	50.52	50.59	50.05	50.55	162	31892	0
2025.02.19	16:00:00	50.50	53.90	50.00	53.78	1290	272837	0
2025.02.19	20:00:00	53.54	55.38	52.85	53.99	946	227137	0
2025.02.20	16:00:00	53.52	53.52	49.51	50.37	1223	288504	0
2025.02.20	20:00:00	50.69	51.12	50.40	50.74	378	67166	0
2025.02.21	16:00:00	51.50	52.08	48.35	48.49	887	201517	0
2025.02.21	20:00:00	48.62	48.79	47.51	48.27	689	148325	0
2025.02.24	16:00:00	48.60	49.13	43.21	45.70	1914	389661	0
2025.02.24	20:00:00	45.85	46.02	44.45	44.65	398	71331	0
2025.02.25	16:00:00	44.02	44.50	38.94	40.15	1489	341737	0
2025.02.25	20:00:00	40.13	40.77	34.88	37.03	1775	323238	0
2025.02.26	16:00:00	39.00	42.37	38.94	41.06	1069	257810	0
2025.02.26	20:00:00	41.00	41.14	39.58	40.82	433	116319	0
2025.02.27	16:00:00	42.69	43.18	39.10	41.27	786	156250	0
2025.02.27	20:00:00	41.27	42.78	40.55	40.59	444	81750	0
2025.02.28	16:00:00	39.00	41.51	37.58	38.79	1250	286202	0
2025.02.28	20:00:00	38.79	40.55	38.38	40.55	569	101126	0
2025.03.03	16:00:00	41.85	42.49	39.00	39.20	515	112310	0
2025.03.03	20:00:00	39.20	39.31	37.00	37.17	566	124323	0
2025.03.04	16:00:00	35.58	35.86	32.10	34.80	1468	350435	0
2025.03.04	20:00:00	34.89	36.95	34.80	34.93	477	106888	0
2025.03.05	16:00:00	35.39	36.47	34.10	36.08	458	97161	0
2025.03.05	20:00:00	36.15	36.58	35.39	36.41	317	58378	0
2025.03.06	16:00:00	34.55	35.88	33.71	34.50	564	111983	0
2025.03.06	20:00:00	34.51	34.71	33.11	33.24	394	93342	0
2025.03.07	16:00:00	32.99	33.45	29.90	31.25	1093	229101	0
2025.03.07	20:00:00	31.39	32.52	31.30	32.01	350	61644	0
2025.03.10	16:00:00	29.68	30.43	29.10	29.24	611	114725	0
2025.03.10	20:00:00	29.15	29.50	28.20	29.30	449	73126	0
2025.03.11	16:00:00	26.41	27.85	25.19	27.36	819	163127	0
2025.03.11	20:00:00	27.49	29.48	27.32	28.86	456	88317	0
2025.03.12	16:00:00	30.50	30.92	28.80	30.06	612	101932	0
2025.03.12	20:00:00	30.08	30.58	29.88	30.58	209	34231	0
2025.03.13	16:00:00	29.75	30.20	28.63	28.71	397	81791	0
2025.03.13	20:00:00	28.74	29.39	28.64	29.20	111	21240	0
2025.03.14	16:00:00	30.56	32.10	30.56	31.75	436	95226	0
2025.03.14	20:00:00	31.87	33.59	31.75	33.01	374	96626	0
2025.03.17	16:00:00	38.31	40.05	37.89	39.38	1547	322427	0
2025.03.17	20:00:00	39.37	39.76	38.66	39.01	795	142180	0
2025.03.18	16:00:00	36.86	38.00	36.52	37.50	632	112641	0
2025.03.18	20:00:00	37.41	37.79	36.81	37.60	279	49300	0
2025.03.19	16:00:00	38.90	39.75	38.50	38.99	329	72770	0
2025.03.19	20:00:00	39.16	41.38	38.76	40.50	485	106756	0
2025.03.20	16:00:00	41.18	41.49	39.06	39.39	472	91150	0
2025.03.20	20:00:00	39.14	39.77	38.61	39.20	220	40739	0
2025.03.21	16:00:00	39.86	40.00	39.00	39.74	215	52748	0
2025.03.21	20:00:00	39.75	40.00	39.10	40.00	133	22039	0
2025.03.24	16:00:00	43.20	44.78	43.02	43.66	670	140511	0
2025.03.24	20:00:00	43.68	44.36	43.35	44.08	295	45778	0
2025.03.25	16:00:00	44.81	45.35	43.25	43.77	404	97275	0
2025.03.25	20:00:00	43.66	44.20	42.74	44.20	345	67170	0
2025.03.26	16:00:00	42.00	43.09	40.34	40.75	430	75077	0
2025.03.26	20:00:00	40.75	40.98	39.60	40.07	368	61801	0
2025.03.27	16:00:00	41.12	41.91	39.87	40.10	335	76006	0
2025.03.27	20:00:00	40.18	40.50	40.01	40.15	103	22841	0
2025.03.28	16:00:00	36.60	37.49	35.83	35.99	642	113145	0
2025.03.28	20:00:00	35.98	36.82	35.15	36.25	348	53883	0
2025.03.31	16:00:00	33.68	35.52	32.19	35.33	593	115574	0
2025.03.31	20:00:00	35.30	35.48	34.67	35.25	203	34315	0
2025.04.01	16:00:00	36.53	39.50	35.35	37.63	900	186325	0
2025.04.01	20:00:00	37.90	37.90	36.88	37.37	259	44405	0
2025.04.02	16:00:00	36.47	40.97	36.22	40.00	965	202125	0
2025.04.02	20:00:00	40.18	40.66	39.25	40.01	360	63761	0
2025.04.03	16:00:00	35.20	39.33	35.20	37.82	870	148673	0
2025.04.03	20:00:00	37.80	38.02	36.02	36.63	423	84742	0
2025.04.04	16:00:00	34.56	35.33	32.30	32.68	1156	214980	0
2025.04.04	20:00:00	32.70	33.85	32.02	32.19	738	127746	0
2025.04.07	16:00:00	30.17	30.74	25.21	28.44	3559	634720	0
2025.04.07	20:00:00	28.14	29.50	27.90	29.15	679	124128	0
2025.04.08	16:00:00	32.55	32.55	27.15	27.20	1600	310844	0
2025.04.08	20:00:00	27.42	27.68	26.01	26.34	1165	178850	0
2025.04.09	16:00:00	26.73	28.77	26.34	26.53	985	189718	0
2025.04.09	20:00:00	26.82	31.87	26.66	30.78	1569	357001	0
2025.04.10	16:00:00	29.94	30.94	27.80	29.20	925	171332	0
2025.04.10	20:00:00	29.10	29.77	28.51	29.35	481	75581	0
2025.04.11	16:00:00	29.60	31.20	29.11	30.87	653	138110	0
2025.04.11	20:00:00	30.85	31.20	30.36	31.11	355	73853	0
2025.04.14	16:00:00	33.43	34.88	32.21	32.85	1153	256629	0
2025.04.14	20:00:00	32.99	33.50	32.71	33.50	214	40190	0
2025.04.15	16:00:00	33.10	34.00	32.71	33.13	491	107930	0
2025.04.15	20:00:00	33.25	33.37	32.65	32.82	236	60434	0
2025.04.16	16:00:00	31.12	32.17	30.56	31.30	431	78227	0
2025.04.16	20:00:00	31.37	31.40	29.24	29.81	697	118234	0
2025.04.17	16:00:00	30.95	31.00	29.81	30.47	334	51299	0
2025.04.17	20:00:00	30.47	30.60	30.16	30.41	149	25603	0
2025.04.21	16:00:00	29.13	29.58	28.18	28.73	531	96736	0
2025.04.21	20:00:00	28.68	28.91	28.46	28.71	249	48811	0
2025.04.22	16:00:00	29.71	30.87	29.20	30.52	452	102826	0
2025.04.22	20:00:00	30.52	30.71	30.10	30.50	210	39494	0
2025.04.23	16:00:00	32.79	33.33	31.59	32.33	997	199522	0
2025.04.23	20:00:00	32.08	32.84	31.80	31.81	423	64792	0
2025.04.24	16:00:00	32.05	35.77	32.05	35.14	933	189741	0
2025.04.24	20:00:00	35.19	35.95	34.86	35.48	680	137929	0
2025.04.25	16:00:00	35.42	38.36	34.20	38.14	1062	274736	0
2025.04.25	20:00:00	38.25	39.38	37.75	38.94	896	180739	0
2025.04.28	16:00:00	39.04	40.89	35.75	36.50	1384	285591	0
2025.04.28	20:00:00	36.35	38.20	36.20	38.19	389	68294	0
2025.04.29	16:00:00	37.97	38.31	36.84	37.14	528	105124	0
2025.04.29	20:00:00	37.29	38.10	37.08	37.89	287	38856	0
2025.04.30	16:00:00	36.08	36.70	34.50	36.36	513	113406	0
2025.04.30	20:00:00	36.21	37.00	35.98	37.00	157	31720	0
2025.05.01	16:00:00	37.73	38.24	37.13	37.53	464	100657	0
2025.05.01	20:00:00	37.55	37.91	37.42	37.76	221	35491	0
2025.05.02	16:00:00	38.49	39.48	38.11	38.81	575	144158	0
2025.05.02	20:00:00	38.80	38.83	38.08	38.20	308	74469	0
2025.05.05	16:00:00	37.80	38.14	36.34	37.12	370	87467	0
2025.05.05	20:00:00	37.16	37.37	36.70	36.71	180	37205	0
2025.05.06	16:00:00	35.85	36.21	35.24	35.90	275	58963	0
2025.05.06	20:00:00	35.88	35.98	35.22	35.52	283	51534	0
2025.05.07	16:00:00	35.92	36.30	35.40	35.80	384	105725	0
2025.05.07	20:00:00	35.61	35.85	35.00	35.57	317	53019	0
2025.05.08	16:00:00	36.23	38.70	36.22	38.44	714	169297	0
2025.05.08	20:00:00	38.22	38.33	37.65	37.70	260	64229	0
2025.05.09	16:00:00	38.73	39.90	37.30	37.82	908	183868	0
2025.05.09	20:00:00	37.59	38.03	37.59	37.86	131	19028	0
2025.05.12	16:00:00	40.98	40.98	38.50	39.21	878	185506	0
2025.05.12	20:00:00	39.20	39.88	38.85	39.88	269	55597	0
2025.05.13	16:00:00	40.06	42.77	39.52	42.26	1353	329085	0
2025.05.13	20:00:00	42.12	42.29	41.50	41.95	382	81603	0
2025.05.14	16:00:00	43.79	44.97	42.28	42.87	1201	245385	0
2025.05.14	20:00:00	42.89	42.89	42.00	42.36	368	73576	0
2025.05.15	16:00:00	41.20	41.58	39.12	40.93	1014	206797	0
2025.05.15	20:00:00	41.17	41.20	40.36	40.80	245	45422	0
2025.05.16	16:00:00	41.80	41.90	39.81	40.47	747	134923	0
2025.05.16	20:00:00	40.30	40.65	40.25	40.37	322	60344	0
2025.05.20	16:00:00	41.99	42.13	40.60	41.61	543	113629	1
2025.05.20	20:00:00	41.51	41.60	40.38	40.86	382	73818	2
2025.05.22	16:00:00	39.17	42.05	39.17	41.41	738	179725	2
2025.05.22	20:00:00	41.31	43.78	41.31	43.00	651	152485	1
2025.05.23	16:00:00	42.94	46.88	41.45	45.74	1748	390312	1
2025.05.23	20:00:00	45.75	47.73	45.58	46.72	664	146965	1
2025.05.27	16:00:00	49.09	50.50	47.52	48.73	1516	304204	1
2025.05.27	20:00:00	48.73	49.40	47.79	47.86	277	60495	1
2025.05.28	16:00:00	45.99	45.99	43.05	43.10	1108	232744	2
2025.05.28	20:00:00	43.25	44.34	43.25	43.43	308	59523	1
2025.05.29	16:00:00	45.40	45.78	43.80	44.06	459	89959	1
2025.05.29	20:00:00	43.96	44.12	42.61	42.63	194	47231	1
2025.05.30	16:00:00	42.12	43.99	40.60	42.57	735	159669	1
2025.05.30	20:00:00	42.03	42.54	41.50	42.36	212	44637	3
2025.06.02	16:00:00	42.46	43.76	41.87	42.89	501	86406	1
2025.06.02	20:00:00	42.81	43.35	42.73	43.17	189	39131	3
2025.06.03	16:00:00	44.18	44.50	42.50	43.10	447	93800	2
2025.06.03	20:00:00	42.86	43.50	42.32	42.77	271	50790	2
2025.06.04	16:00:00	43.93	44.16	42.51	43.19	317	73332	2
2025.06.04	20:00:00	43.15	43.25	42.70	42.83	178	42359	3
2025.06.05	16:00:00	43.21	43.32	39.25	39.90	881	185335	3
2025.06.05	20:00:00	40.02	40.75	34.58	37.50	2802	606854	1
2025.06.06	16:00:00	39.11	40.38	38.71	38.91	880	217102	2
2025.06.06	20:00:00	38.92	40.10	38.79	39.68	395	90206	1
2025.06.09	16:00:00	38.93	40.05	38.00	39.78	561	122422	5
2025.06.09	20:00:00	39.78	43.59	39.27	42.63	980	225922	1
2025.06.10	16:00:00	42.04	42.16	40.40	40.74	684	139670	5
2025.06.10	20:00:00	40.72	41.14	40.63	41.14	234	41306	1
2025.06.11	16:00:00	42.71	42.72	41.00	41.41	545	119325	1
2025.06.11	20:00:00	41.33	41.53	39.80	40.68	259	52483	3
2025.06.12	16:00:00	40.00	41.03	40.00	40.45	260	58712	12
2025.06.12	20:00:00	40.45	40.69	39.82	40.23	252	69252	5
2025.06.13	16:00:00	39.00	40.18	39.00	40.00	266	47331	8
2025.06.13	20:00:00	40.01	40.04	39.06	39.43	186	38880	1
2025.06.16	16:00:00	40.48	40.79	39.70	40.04	350	69112	1
2025.06.16	20:00:00	40.20	40.20	38.70	38.81	208	56527	1
2025.06.17	16:00:00	39.35	39.49	38.59	38.75	249	51649	5
2025.06.17	20:00:00	38.68	38.76	37.84	37.99	288	50020	2
2025.06.18	16:00:00	38.98	39.40	38.30	39.11	252	50251	2
2025.06.18	20:00:00	39.13	39.47	38.99	39.26	258	46228	4
2025.06.20	16:00:00	38.39	38.74	38.00	38.30	392	86448	2
2025.06.20	20:00:00	38.27	38.34	37.04	37.05	348	65755	3
2025.06.23	16:00:00	37.37	40.74	37.10	38.41	1064	241090	1
2025.06.23	20:00:00	38.20	39.49	38.20	39.42	162	26941	2
2025.06.24	16:00:00	41.19	41.39	39.80	40.33	455	92795	4
2025.06.24	20:00:00	40.30	40.40	40.14	40.30	134	25673	2
2025.06.25	16:00:00	41.29	41.31	38.61	39.57	448	107883	3
2025.06.25	20:00:00	39.50	39.50	38.73	38.83	182	31115	3
2025.06.26	16:00:00	39.21	39.58	38.88	39.08	260	55365	4
2025.06.26	20:00:00	39.08	39.13	38.96	39.05	170	35823	1
2025.06.27	16:00:00	39.30	39.42	38.76	39.30	264	58202	3
2025.06.27	20:00:00	39.28	39.31	38.50	38.67	151	26189	2
2025.06.30	16:00:00	38.96	39.08	37.00	38.19	574	108375	3
2025.06.30	20:00:00	38.10	38.15	37.80	38.09	173	30102	2
2025.07.01	16:00:00	35.99	37.30	35.88	36.11	810	169104	2
2025.07.01	20:00:00	36.08	36.10	35.70	35.70	479	90027	2
2025.07.02	16:00:00	36.26	37.07	36.16	36.47	496	99869	2
2025.07.02	20:00:00	36.43	37.14	36.43	37.12	369	57141	1
2025.07.03	16:00:00	37.52	37.82	36.33	36.35	389	83935	2
2025.07.07	16:00:00	35.29	35.87	34.72	35.22	508	121991	1100
2025.07.07	20:00:00	35.22	35.50	35.10	35.25	271	57623	5
2025.07.08	16:00:00	35.50	36.54	35.45	36.35	255	73722	2
2025.07.08	20:00:00	36.35	37.35	36.26	36.98	603	148333	4
2025.07.09	16:00:00	37.73	38.54	37.37	38.16	540	117090	2
2025.07.09	20:00:00	38.15	39.30	38.10	39.30	366	112183	3
2025.07.10	16:00:00	39.36	40.38	39.08	40.07	404	92671	3
2025.07.10	20:00:00	40.15	40.48	39.91	40.48	205	39372	1
2025.07.11	16:00:00	39.79	39.96	38.81	39.30	296	62490	2
2025.07.11	20:00:00	39.33	39.49	39.00	39.10	118	22834	4
2025.07.14	16:00:00	38.74	38.85	38.07	38.54	297	64737	2
2025.07.14	20:00:00	38.69	38.75	38.08	38.10	229	50682	3
2025.07.15	16:00:00	39.12	39.88	38.80	39.30	264	69323	5
2025.07.15	20:00:00	39.20	39.29	38.50	38.53	195	37634	1
2025.07.16	16:00:00	32.49	36.00	31.50	34.13	4233	888042	1
2025.07.16	20:00:00	34.19	34.57	33.02	34.45	1478	252226	1
2025.07.17	16:00:00	34.98	35.08	33.08	33.53	1277	302407	1
2025.07.17	20:00:00	33.57	33.74	33.25	33.45	490	118388	1
2025.07.18	16:00:00	33.56	33.56	31.88	32.12	1202	282072	1
2025.07.18	20:00:00	32.07	32.37	31.80	31.90	382	85167	2
2025.07.21	16:00:00	32.82	33.83	32.76	33.24	1309	236040	1
2025.07.21	20:00:00	33.25	33.37	33.02	33.14	500	101562	3
2025.07.22	16:00:00	32.61	32.70	31.50	32.25	504	95930	3
2025.07.22	20:00:00	32.29	32.39	31.99	32.03	315	59168	1
2025.07.23	16:00:00	32.51	32.79	32.29	32.33	336	72166	1
2025.07.23	20:00:00	32.36	32.49	32.02	32.24	316	53101	1
2025.07.24	16:00:00	32.36	32.49	32.01	32.06	422	89078	4
2025.07.24	20:00:00	32.19	32.30	32.11	32.20	160	32352	1
2025.07.25	16:00:00	32.20	33.30	32.20	32.80	496	99987	3
2025.07.25	20:00:00	32.77	32.88	32.60	32.87	107	22055	5
2025.07.28	16:00:00	33.05	33.18	32.30	32.32	267	67930	4
2025.07.28	20:00:00	32.35	32.37	32.19	32.20	129	23777	3
2025.07.29	16:00:00	32.13	32.32	30.57	30.63	445	103964	1
2025.07.29	20:00:00	30.65	31.13	30.63	30.74	130	37403	3
2025.07.30	16:00:00	30.95	31.34	30.50	30.52	244	52419	3
2025.07.30	20:00:00	30.53	30.74	30.19	30.36	163	35747	1
2025.07.31	16:00:00	30.55	30.63	29.88	30.00	341	82840	2
2025.07.31	20:00:00	30.02	30.05	29.62	29.70	183	53432	3
2025.08.01	16:00:00	29.26	29.44	28.23	29.11	451	113963	1
2025.08.01	20:00:00	29.05	29.10	28.47	28.50	199	46977	2
2025.08.13	16:00:00	29.28	29.35	28.60	28.94	349	187076	1
2025.08.13	20:00:00	28.94	29.16	28.87	29.03	170	34768	2
2025.08.14	16:00:00	28.87	29.09	28.50	29.07	304	113542	4
2025.08.14	20:00:00	28.97	29.00	28.08	28.37	235	73172	4
2025.08.15	16:00:00	28.86	28.97	28.34	28.61	376	88393	1
2025.08.15	20:00:00	28.53	28.66	28.23	28.58	193	41279	1
2025.08.18	16:00:00	28.48	28.68	28.36	28.50	162	140919	2
2025.08.18	20:00:00	28.56	29.10	28.43	29.09	231	196544	1
2025.08.19	16:00:00	29.37	29.41	27.01	27.22	470	115063	1
2025.08.19	20:00:00	27.27	27.29	26.90	27.04	309	51525	1
2025.08.20	16:00:00	27.39	27.68	26.40	26.85	556	110490	2
2025.08.20	20:00:00	26.89	27.10	26.35	26.92	213	46896	3
2025.08.21	16:00:00	27.21	27.30	26.90	27.15	569	135663	1
2025.08.21	20:00:00	27.15	27.37	27.02	27.31	415	73511	3
2025.08.22	16:00:00	27.72	29.65	27.58	28.37	1924	387596	1
2025.08.22	20:00:00	28.46	28.94	28.42	28.46	503	117912	2
2025.08.25	16:00:00	28.53	29.57	28.20	28.80	676	138335	3
2025.08.25	20:00:00	28.80	28.91	28.49	28.77	219	52477	1
2025.08.26	16:00:00	28.70	28.89	27.72	27.95	602	131923	2
2025.08.26	20:00:00	27.93	28.20	27.90	28.08	234	46841	2
2025.08.27	16:00:00	30.18	30.25	28.21	28.38	1224	281857	1
2025.08.27	20:00:00	28.44	28.50	28.23	28.32	296	60349	2
2025.08.28	16:00:00	28.68	28.95	28.35	28.36	479	97002	3
2025.08.28	20:00:00	28.34	28.45	28.10	28.27	233	50813	2
2025.08.29	16:00:00	28.21	28.26	27.44	27.65	474	92943	1
2025.08.29	20:00:00	27.60	27.60	27.00	27.33	514	86618	1
2025.09.02	16:00:00	26.50	27.18	26.32	26.85	904	167912	2
2025.09.02	20:00:00	26.88	27.18	26.78	27.01	300	63264	8
2025.09.03	16:00:00	27.54	27.54	26.77	26.85	371	67172	3
2025.09.03	20:00:00	26.92	27.07	26.72	26.90	424	78924	2
2025.09.04	16:00:00	26.97	26.98	26.00	26.05	593	107303	2
2025.09.04	20:00:00	26.02	26.55	26.00	26.53	293	54707	2
2025.09.05	16:00:00	26.59	26.65	25.53	26.00	491	132960	2
2025.09.05	20:00:00	25.96	26.00	25.75	25.81	122	23662	1
2025.09.08	16:00:00	26.42	26.45	25.68	25.69	285	67297	2
2025.09.08	20:00:00	25.70	25.71	25.55	25.59	187	41901	2
2025.09.09	16:00:00	26.08	26.80	25.90	26.26	627	175254	2
2025.09.09	20:00:00	26.33	26.36	26.15	26.26	185	44834	1
2025.09.10	16:00:00	26.82	26.99	26.37	26.59	491	130381	2
2025.09.10	20:00:00	26.56	26.56	26.30	26.40	168	40814	4
2025.09.11	16:00:00	26.45	26.71	26.22	26.45	388	116184	2
2025.09.11	20:00:00	26.46	26.54	26.38	26.46	243	60195	1
2025.09.12	16:00:00	26.77	26.92	26.26	26.36	436	109150	1
2025.09.12	20:00:00	26.36	26.40	26.00	26.02	293	59451	1
2025.09.15	16:00:00	27.31	27.95	26.60	26.70	724	188337	1
2025.09.15	20:00:00	26.62	26.81	26.25	26.79	428	92052	1
2025.09.16	16:00:00	26.91	26.91	26.34	26.44	319	95209	1
2025.09.16	20:00:00	26.43	26.44	26.27	26.39	153	51193	1
2025.09.17	16:00:00	26.27	26.29	25.81	25.91	309	79661	1
2025.09.17	20:00:00	25.99	26.02	25.80	25.83	223	60093	2
2025.09.18	16:00:00	26.47	26.62	26.29	26.54	872	218358	1
2025.09.18	20:00:00	26.51	27.13	26.51	26.92	476	125733	1
2025.09.19	16:00:00	27.12	27.12	26.12	26.29	487	131563	1
2025.09.19	20:00:00	26.23	26.34	26.00	26.13	326	77338	1
2025.09.22	16:00:00	26.51	27.09	26.51	26.95	633	164301	1
2025.09.22	20:00:00	26.93	26.97	26.78	26.82	294	74511	1
2025.09.23	16:00:00	27.44	27.88	26.38	26.57	470	135488	1
2025.09.23	20:00:00	26.57	26.59	26.05	26.27	270	58210	1
2025.09.24	16:00:00	26.70	26.81	26.20	26.44	379	87281	1
2025.09.24	20:00:00	26.40	26.45	26.31	26.35	156	32900	4
2025.09.25	16:00:00	25.90	26.01	25.20	25.45	412	97232	1
2025.09.25	20:00:00	25.40	25.41	24.92	24.97	382	127558	1
2025.09.26	16:00:00	25.52	25.70	24.24	24.26	526	137581	1
2025.09.26	20:00:00	24.30	24.30	23.90	24.00	394	104853	2
2025.09.29	16:00:00	24.37	24.47	23.10	23.19	702	212013	1
2025.09.29	20:00:00	23.20	23.24	22.85	22.97	500	126239	1
2025.09.30	16:00:00	23.04	23.08	21.54	21.54	817	214799	1
2025.09.30	20:00:00	21.53	21.64	21.02	21.29	858	217686	1
2025.10.01	16:00:00	21.33	28.50	21.33	27.34	5572	1583070	1
2025.10.01	20:00:00	27.41	28.40	26.93	28.15	1105	334042	1
2025.10.02	16:00:00	32.51	32.93	29.00	29.76	3456	925509	1
2025.10.02	20:00:00	29.77	30.50	29.69	29.98	696	164537	1
2025.10.03	16:00:00	30.78	30.98	28.01	29.07	1706	437737	1
2025.10.03	20:00:00	29.01	29.25	28.04	29.25	645	194430	3
2025.10.06	16:00:00	30.21	30.21	28.61	29.00	724	215637	1
2025.10.06	20:00:00	28.99	29.20	28.86	28.96	417	99775	3
2025.10.07	16:00:00	29.12	29.30	27.27	28.38	1011	283280	2
2025.10.07	20:00:00	28.27	28.52	27.94	28.39	236	57274	5
2025.10.08	16:00:00	28.30	28.45	27.79	27.99	512	151881	1
2025.10.08	20:00:00	28.01	28.11	27.75	27.96	228	62586	1
2025.10.09	16:00:00	28.98	28.98	27.85	28.14	597	165696	5
2025.10.09	20:00:00	28.14	28.14	27.85	27.99	230	63645	3
2025.10.10	16:00:00	28.33	28.33	25.22	25.55	1157	274116	1
2025.10.10	20:00:00	25.53	26.39	25.10	25.17	624	129881	1
2025.10.13	16:00:00	26.21	26.36	25.50	25.89	492	167696	3
2025.10.13	20:00:00	25.86	25.99	25.65	25.72	159	40327	1
2025.10.14	16:00:00	25.99	26.00	24.58	25.28	676	148834	2
2025.10.14	20:00:00	25.07	25.59	25.02	25.29	377	99866	5
2025.10.15	16:00:00	26.03	26.49	25.70	26.02	817	213332	3
2025.10.15	20:00:00	25.98	26.26	25.65	26.19	494	92205	7
2025.10.16	16:00:00	26.73	28.54	25.91	27.15	1434	442285	1
2025.10.16	20:00:00	27.20	27.33	26.33	26.72	730	142075	1
2025.10.17	16:00:00	25.92	26.24	25.00	25.35	637	174888	1
2025.10.17	20:00:00	25.35	25.99	25.30	25.92	190	44948	1
2025.10.20	16:00:00	26.70	26.79	25.89	25.96	326	102720	2
2025.10.20	20:00:00	25.97	25.99	25.32	25.55	237	68907	3
2025.10.21	16:00:00	25.59	25.74	25.00	25.04	307	75503	2
2025.10.21	20:00:00	25.03	25.10	24.60	24.71	164	53556	2
2025.10.22	16:00:00	24.31	24.40	23.20	23.30	583	147083	1
2025.10.22	20:00:00	23.27	23.64	23.00	23.47	275	60819	5
2025.10.23	16:00:00	24.01	24.19	23.82	23.95	218	47347	4
2025.10.23	20:00:00	23.91	24.13	23.79	23.92	77	19021	7
2025.10.24	16:00:00	24.50	25.06	24.45	24.60	371	72874	4
2025.10.24	20:00:00	24.62	24.79	24.44	24.78	137	32564	3
2025.10.27	12:00:00	25.41	25.70	25.30	25.65	71	23088	3
2025.10.27	16:00:00	25.60	26.24	25.29	26.24	318	77243	1
2025.10.27	20:00:00	26.16	26.16	25.61	25.99	129	33158	2
2025.10.28	12:00:00	25.61	26.00	25.55	25.60	60	15305	15
2025.10.28	16:00:00	25.56	25.80	25.21	25.48	229	51232	5
2025.10.28	20:00:00	25.42	25.50	25.12	25.18	125	33043	1
2025.10.29	12:00:00	25.10	25.10	24.60	24.64	119	38260	3
2025.10.29	16:00:00	24.64	24.66	24.30	24.35	375	83580	1
2025.10.29	20:00:00	24.31	24.51	24.02	24.46	189	35864	5
2025.10.30	12:00:00	24.19	24.45	23.90	24.38	94	30197	9
2025.10.30	16:00:00	24.40	24.94	23.72	24.84	346	90287	2
2025.10.30	20:00:00	24.75	25.60	24.75	25.21	355	83742	2
2025.10.31	12:00:00	25.77	25.97	25.41	25.87	134	29134	9
2025.10.31	16:00:00	25.87	27.00	25.58	26.77	735	184797	1
2025.10.31	20:00:00	26.76	28.54	26.75	28.43	776	185025	3
2025.11.03	16:00:00	28.39	28.50	26.43	26.94	709	193941	2
2025.11.03	20:00:00	26.84	27.88	26.65	27.81	416	88497	1
2025.11.04	16:00:00	26.09	27.10	25.84	26.19	397	106996	1
2025.11.04	20:00:00	26.02	26.04	25.12	25.25	308	76024	1
2025.11.05	16:00:00	25.80	26.15	25.28	25.38	294	76166	1
2025.11.05	20:00:00	25.38	25.50	25.25	25.29	259	42498	3
2025.11.06	16:00:00	26.87	27.10	24.82	25.14	509	114295	1
2025.11.06	20:00:00	25.14	25.50	24.91	25.18	229	60446	4
2025.11.07	16:00:00	24.39	24.53	23.40	24.19	535	148799	1
2025.11.07	20:00:00	24.21	25.00	24.16	24.95	197	41722	3
2025.11.10	16:00:00	25.44	25.46	24.65	24.79	265	58331	4
2025.11.10	20:00:00	24.79	24.90	24.62	24.70	122	32758	5
2025.11.11	16:00:00	24.24	24.55	23.75	23.94	225	58088	6
2025.11.11	20:00:00	23.94	24.14	23.90	24.01	168	43757	1
2025.11.12	16:00:00	24.12	24.31	23.60	23.70	228	62588	5
2025.11.12	20:00:00	23.98	23.98	23.70	23.81	209	89569	3
2025.11.13	16:00:00	23.65	23.65	22.02	22.27	523	130099	1
2025.11.13	20:00:00	22.27	22.82	22.23	22.82	330	83250	2
2025.11.14	16:00:00	22.02	22.85	21.82	22.25	491	123168	3
2025.11.14	20:00:00	22.25	22.36	22.09	22.23	215	55933	2
2025.11.17	16:00:00	22.83	23.05	21.92	22.51	466	105352	1000
2025.11.17	20:00:00	22.50	22.57	21.95	22.19	211	56293	1000
2025.11.18	16:00:00	22.14	22.29	21.23	21.55	463	99964	1178
2025.11.18	20:00:00	21.60	21.89	21.55	21.62	146	29586	1178
2025.11.19	16:00:00	21.93	21.99	21.39	21.56	246	63374	3
2025.11.19	20:00:00	21.60	21.80	21.50	21.65	251	50149	1
2025.11.20	16:00:00	22.26	22.28	21.18	21.31	351	83494	3
2025.11.20	20:00:00	21.30	21.71	21.21	21.52	137	28239	6
2025.11.21	16:00:00	21.50	21.62	19.71	20.52	787	199897	2
2025.11.21	20:00:00	20.54	20.92	20.44	20.78	262	62675	2
2025.11.24	16:00:00	21.70	21.70	21.02	21.30	465	111902	5
2025.11.24	20:00:00	21.34	21.35	21.03	21.21	314	77062	3
2025.11.25	16:00:00	21.71	21.71	20.95	20.95	287	58987	1
2025.11.25	20:00:00	20.99	21.20	20.87	21.19	248	57169	5
2025.11.26	16:00:00	21.48	21.88	21.32	21.67	473	101411	4
2025.11.26	20:00:00	21.67	21.69	21.44	21.67	219	51458	4
2025.11.28	16:00:00	22.40	22.60	22.06	22.44	545	123693	2
2025.12.01	16:00:00	22.51	22.80	22.18	22.43	459	89474	6
2025.12.01	20:00:00	22.43	22.72	22.43	22.61	325	81451	3
2025.12.02	16:00:00	22.95	23.38	22.89	23.21	518	123644	1
2025.12.02	20:00:00	23.16	23.35	23.00	23.23	266	52909	5
2025.12.03	16:00:00	23.80	24.30	23.77	24.21	895	201039	2
2025.12.03	20:00:00	24.23	24.42	24.10	24.39	328	67977	1
2025.12.04	16:00:00	25.59	26.75	25.17	26.10	1482	406270	1
2025.12.04	20:00:00	26.09	26.37	25.86	26.31	620	154396	1
2025.12.05	16:00:00	27.94	27.94	25.15	25.61	1809	420614	1
2025.12.05	20:00:00	25.75	27.21	25.74	26.24	2016	670355	1
2025.12.08	16:00:00	28.72	28.79	27.18	27.54	2361	564969	1
2025.12.08	20:00:00	27.58	27.68	26.86	27.45	692	159536	1
2025.12.09	16:00:00	28.14	28.38	27.45	27.98	1337	329869	1
2025.12.09	20:00:00	28.02	28.14	26.80	27.83	1583	383478	1
2025.12.10	16:00:00	31.06	31.96	30.00	31.00	4366	1101174	1
2025.12.10	20:00:00	31.00	32.50	29.99	31.78	3362	714044	1
2025.12.11	16:00:00	34.12	35.87	33.50	34.46	5482	1444596	1
2025.12.11	20:00:00	34.53	37.00	34.52	36.98	2081	535810	1
2025.12.12	16:00:00	40.47	40.98	36.00	38.84	11319	2955885	1
2025.12.12	20:00:00	38.81	39.80	37.37	37.94	2378	598793	1
2025.12.15	16:00:00	39.44	39.88	32.35	34.75	6380	1673935	1
2025.12.15	20:00:00	34.71	35.00	34.00	34.10	1231	311179	1
2025.12.16	16:00:00	32.79	32.89	29.00	29.26	4402	1246553	1
2025.12.16	20:00:00	29.20	31.50	28.60	29.85	1947	521573	1
2025.12.17	16:00:00	32.68	34.78	30.18	30.65	5309	1332745	1
2025.12.17	20:00:00	30.70	31.42	30.35	30.71	1121	330660	1
2025.12.18	16:00:00	32.43	32.60	29.11	30.06	2566	705643	1
2025.12.18	20:00:00	30.04	30.50	29.96	30.38	768	172362	1
2025.12.19	16:00:00	31.31	31.50	29.18	30.88	2518	652205	1
2025.12.19	20:00:00	30.85	31.48	30.65	31.14	1203	342292	1
2025.12.22	16:00:00	33.51	33.59	31.63	33.00	2948	683891	1500
2025.12.22	20:00:00	32.99	33.09	32.42	32.84	851	187137	1500
2025.12.23	16:00:00	32.28	32.50	30.07	31.01	1800	438826	1
2025.12.23	20:00:00	31.01	31.95	30.84	31.87	625	134965	2
2025.12.24	16:00:00	31.67	31.67	30.50	30.79	1005	243187	1
2025.12.26	16:00:00	31.08	31.39	30.63	30.70	1354	331054	1
2025.12.26	20:00:00	30.70	31.13	30.70	30.91	427	105272	2
2025.12.29	16:00:00	30.75	32.98	30.10	32.49	2109	611802	1
2025.12.29	20:00:00	32.45	32.50	32.01	32.16	847	213142	1
2025.12.30	16:00:00	32.59	32.88	30.85	31.63	1322	335824	1
2025.12.30	20:00:00	31.64	32.30	31.35	31.48	686	158424	1
2025.12.31	16:00:00	31.89	31.89	30.37	30.68	1051	255701	1
2025.12.31	20:00:00	30.66	30.88	30.42	30.50	674	230743	1
2026.01.02	16:00:00	30.59	31.24	30.01	30.24	1433	476384	1
2026.01.02	20:00:00	30.28	30.98	30.11	30.87	653	236714	1
